{
  "original_shape": [
    70000,
    34
  ],
  "processed_shape": [
    70000,
    38
  ],
  "categorical_features": [
    "Genetic Markers",
    "Autoantibodies",
    "Family History",
    "Environmental Factors",
    "Physical Activity",
    "Dietary Habits",
    "Ethnicity",
    "Socioeconomic Factors",
    "Smoking Status",
    "Alcohol Consumption",
    "Glucose Tolerance Test",
    "History of PCOS",
    "Previous Gestational Diabetes",
    "Pregnancy History",
    "Cystic Fibrosis Diagnosis",
    "Steroid Use History",
    "Genetic Testing",
    "Liver Function Tests",
    "Urine Test",
    "Early Onset Symptoms"
  ],
  "numerical_features": [
    "Insulin Levels",
    "Age",
    "BMI",
    "Blood Pressure",
    "Cholesterol Levels",
    "Waist Circumference",
    "Blood Glucose Levels",
    "Weight Gain During Pregnancy",
    "Pancreatic Health",
    "Pulmonary Function",
    "Neurological Assessments",
    "Digestive Enzyme Levels",
    "Birth Weight"
  ],
  "target_classes": [
    "cystic fibrosis-related diabetes (cfrd)",
    "gestational diabetes",
    "lada",
    "mody",
    "neonatal diabetes mellitus (ndm)",
    "prediabetic",
    "secondary diabetes",
    "steroid-induced diabetes",
    "type 1 diabetes",
    "type 2 diabetes",
    "type 3c diabetes (pancreatogenic diabetes)",
    "wolcott-rallison syndrome",
    "wolfram syndrome"
  ]
}