{
  "model_performance": {
    "test_mse": 4.091322725665706e-08,
    "test_mae": 0.00013330060983507256,
    "test_mape": 0.10436993561673669,
    "avg_country_mse": 1.1611738770624994e-07,
    "avg_country_mae": 0.00026010243258762394,
    "avg_country_mape": 0.12371178482274932
  },
  "model_info": {
    "sequence_length": 6,
    "test_size": 2,
    "total_countries": 0,
    "training_samples": 10000,
    "test_samples": 800,
    "epochs_trained": 50
  },
  "country_results": [
    {
      "country": "united states of america_men",
      "income_group": "High-Income",
      "mse": 9.684120774326294e-09,
      "mae": 9.558544039535433e-05,
      "mape": 0.07065842265392674
    },
    {
      "country": "germany_women",
      "income_group": "High-Income",
      "mse": 2.122742880362274e-09,
      "mae": 4.570028162765444e-05,
      "mape": 0.0874970801237892
    },
    {
      "country": "brazil_men",
      "income_group": "Upper-Middle-Income",
      "mse": 1.3078085310921564e-08,
      "mae": 0.00011001235056114222,
      "mape": 0.0952092093764209
    },
    {
      "country": "india_women",
      "income_group": "Lower-Middle-Income",
      "mse": 1.2949732456552146e-08,
      "mae": 0.00011337802575302203,
      "mape": 0.04860462181135904
    },
    {
      "country": "nigeria_men",
      "income_group": "Low-Income",
      "mse": 8.423897708571846e-09,
      "mae": 9.171333482169836e-05,
      "mape": 0.08751210038786808
    }
  ]
}