{
  "analysis_info": {
    "samples_analyzed": 1000,
    "features": 38,
    "classes": 13,
    "model_accuracy": 0.9046428571428572
  },
  "global_importance": [
    {
      "feature": "Blood Glucose Levels",
      "mean_abs_shap": 0.8944451808929443
    },
    {
      "feature": "Age",
      "mean_abs_shap": 0.8698030114173889
    },
    {
      "feature": "Weight Gain During Pregnancy",
      "mean_abs_shap": 0.725506067276001
    },
    {
      "feature": "Blood Pressure",
      "mean_abs_shap": 0.5369452238082886
    },
    {
      "feature": "Cholesterol Levels",
      "mean_abs_shap": 0.3940235376358032
    },
    {
      "feature": "BMI",
      "mean_abs_shap": 0.3555203080177307
    },
    {
      "feature": "Waist Circumference",
      "mean_abs_shap": 0.3387230336666107
    },
    {
      "feature": "Insulin Levels",
      "mean_abs_shap": 0.29479390382766724
    },
    {
      "feature": "Birth Weight",
      "mean_abs_shap": 0.2738349437713623
    },
    {
      "feature": "Digestive Enzyme Levels",
      "mean_abs_shap": 0.2298262119293213
    },
    {
      "feature": "Pulmonary Function",
      "mean_abs_shap": 0.16339661180973053
    },
    {
      "feature": "Pancreatic Health",
      "mean_abs_shap": 0.09060025960206985
    },
    {
      "feature": "Neurological Assessments",
      "mean_abs_shap": 0.06096277013421059
    },
    {
      "feature": "Cystic Fibrosis Diagnosis_yes",
      "mean_abs_shap": 0.0025924178771674633
    },
    {
      "feature": "Urine Test_protein present",
      "mean_abs_shap": 0.002175447763875127
    }
  ],
  "class_specific": {
    "cystic fibrosis-related diabetes (cfrd)": [
      {
        "feature": "Weight Gain During Pregnancy",
        "mean_abs_shap": 1.1388980150222778
      },
      {
        "feature": "Age",
        "mean_abs_shap": 1.0386054515838623
      },
      {
        "feature": "Insulin Levels",
        "mean_abs_shap": 0.8197739124298096
      },
      {
        "feature": "Cholesterol Levels",
        "mean_abs_shap": 0.6048441529273987
      },
      {
        "feature": "Pulmonary Function",
        "mean_abs_shap": 0.46356701850891113
      }
    ],
    "gestational diabetes": [
      {
        "feature": "Age",
        "mean_abs_shap": 1.4455569982528687
      },
      {
        "feature": "Blood Glucose Levels",
        "mean_abs_shap": 1.2767791748046875
      },
      {
        "feature": "Waist Circumference",
        "mean_abs_shap": 0.4072705805301666
      },
      {
        "feature": "Insulin Levels",
        "mean_abs_shap": 0.3282979130744934
      },
      {
        "feature": "Blood Pressure",
        "mean_abs_shap": 0.296286016702652
      }
    ],
    "lada": [
      {
        "feature": "Age",
        "mean_abs_shap": 1.620908498764038
      },
      {
        "feature": "Weight Gain During Pregnancy",
        "mean_abs_shap": 1.2811492681503296
      },
      {
        "feature": "Blood Glucose Levels",
        "mean_abs_shap": 0.763853132724762
      },
      {
        "feature": "Pancreatic Health",
        "mean_abs_shap": 0.4982163608074188
      },
      {
        "feature": "Blood Pressure",
        "mean_abs_shap": 0.37164321541786194
      }
    ],
    "mody": [
      {
        "feature": "Blood Glucose Levels",
        "mean_abs_shap": 1.138424277305603
      },
      {
        "feature": "Age",
        "mean_abs_shap": 1.0115052461624146
      },
      {
        "feature": "Waist Circumference",
        "mean_abs_shap": 0.6121938228607178
      },
      {
        "feature": "Cholesterol Levels",
        "mean_abs_shap": 0.5829949378967285
      },
      {
        "feature": "Weight Gain During Pregnancy",
        "mean_abs_shap": 0.4469647705554962
      }
    ],
    "neonatal diabetes mellitus (ndm)": [
      {
        "feature": "Blood Pressure",
        "mean_abs_shap": 3.260141372680664
      },
      {
        "feature": "Insulin Levels",
        "mean_abs_shap": 0.0
      },
      {
        "feature": "Age",
        "mean_abs_shap": 0.0
      },
      {
        "feature": "BMI",
        "mean_abs_shap": 0.0
      },
      {
        "feature": "Cholesterol Levels",
        "mean_abs_shap": 0.0
      }
    ],
    "prediabetic": [
      {
        "feature": "Blood Glucose Levels",
        "mean_abs_shap": 2.0705745220184326
      },
      {
        "feature": "BMI",
        "mean_abs_shap": 0.9702741503715515
      },
      {
        "feature": "Waist Circumference",
        "mean_abs_shap": 0.6907531023025513
      },
      {
        "feature": "Age",
        "mean_abs_shap": 0.599024772644043
      },
      {
        "feature": "Blood Pressure",
        "mean_abs_shap": 0.4482767879962921
      }
    ],
    "secondary diabetes": [
      {
        "feature": "Age",
        "mean_abs_shap": 1.7104259729385376
      },
      {
        "feature": "Blood Glucose Levels",
        "mean_abs_shap": 1.4233222007751465
      },
      {
        "feature": "Digestive Enzyme Levels",
        "mean_abs_shap": 0.6224368810653687
      },
      {
        "feature": "BMI",
        "mean_abs_shap": 0.4886360764503479
      },
      {
        "feature": "Weight Gain During Pregnancy",
        "mean_abs_shap": 0.1354232281446457
      }
    ],
    "steroid-induced diabetes": [
      {
        "feature": "Cholesterol Levels",
        "mean_abs_shap": 1.3043442964553833
      },
      {
        "feature": "Waist Circumference",
        "mean_abs_shap": 0.89239901304245
      },
      {
        "feature": "Insulin Levels",
        "mean_abs_shap": 0.42041707038879395
      },
      {
        "feature": "Blood Glucose Levels",
        "mean_abs_shap": 0.4187120199203491
      },
      {
        "feature": "Weight Gain During Pregnancy",
        "mean_abs_shap": 0.34627780318260193
      }
    ],
    "type 1 diabetes": [
      {
        "feature": "Waist Circumference",
        "mean_abs_shap": 1.0206652879714966
      },
      {
        "feature": "Blood Glucose Levels",
        "mean_abs_shap": 0.8376831412315369
      },
      {
        "feature": "BMI",
        "mean_abs_shap": 0.8018722534179688
      },
      {
        "feature": "Insulin Levels",
        "mean_abs_shap": 0.7589081525802612
      },
      {
        "feature": "Age",
        "mean_abs_shap": 0.7025184035301208
      }
    ],
    "type 2 diabetes": [
      {
        "feature": "Cholesterol Levels",
        "mean_abs_shap": 1.1502366065979004
      },
      {
        "feature": "Blood Glucose Levels",
        "mean_abs_shap": 0.9610422849655151
      },
      {
        "feature": "BMI",
        "mean_abs_shap": 0.7275426983833313
      },
      {
        "feature": "Digestive Enzyme Levels",
        "mean_abs_shap": 0.6196572780609131
      },
      {
        "feature": "Age",
        "mean_abs_shap": 0.2957797348499298
      }
    ],
    "type 3c diabetes (pancreatogenic diabetes)": [
      {
        "feature": "Blood Pressure",
        "mean_abs_shap": 1.2160288095474243
      },
      {
        "feature": "Age",
        "mean_abs_shap": 1.1199445724487305
      },
      {
        "feature": "Blood Glucose Levels",
        "mean_abs_shap": 0.8449501991271973
      },
      {
        "feature": "BMI",
        "mean_abs_shap": 0.8160090446472168
      },
      {
        "feature": "Insulin Levels",
        "mean_abs_shap": 0.7479057908058167
      }
    ],
    "wolcott-rallison syndrome": [
      {
        "feature": "Weight Gain During Pregnancy",
        "mean_abs_shap": 4.233706951141357
      },
      {
        "feature": "Age",
        "mean_abs_shap": 0.821361780166626
      },
      {
        "feature": "Blood Glucose Levels",
        "mean_abs_shap": 0.5596593022346497
      },
      {
        "feature": "Birth Weight",
        "mean_abs_shap": 0.35202756524086
      },
      {
        "feature": "Blood Pressure",
        "mean_abs_shap": 0.2588050067424774
      }
    ],
    "wolfram syndrome": [
      {
        "feature": "Birth Weight",
        "mean_abs_shap": 2.790945529937744
      },
      {
        "feature": "Weight Gain During Pregnancy",
        "mean_abs_shap": 1.1848580837249756
      },
      {
        "feature": "Blood Glucose Levels",
        "mean_abs_shap": 0.9184000492095947
      },
      {
        "feature": "Age",
        "mean_abs_shap": 0.6514219045639038
      },
      {
        "feature": "Pulmonary Function",
        "mean_abs_shap": 0.07296963781118393
      }
    ]
  },
  "top_features": [
    "Blood Glucose Levels",
    "Age",
    "Weight Gain During Pregnancy",
    "Blood Pressure",
    "Cholesterol Levels",
    "BMI",
    "Waist Circumference",
    "Insulin Levels",
    "Birth Weight",
    "Digestive Enzyme Levels"
  ]
}